时间,主题,内容
3月9日 18:21,置顶,"听山东大学讲述两位校长与《共产党宣言》的故事】
1848年，《共产党宣言》正式出版。“开疆拓土”的译者中，有着山大两任校长：华岗、成仿吾。跟着姗姗一起通过视频感受两位校长、六次翻译的背后有着何种炽热初心与无悔坚守吧~"
13分钟前,#姗姗话题圈#,你的姓氏里最出名的人是谁？
今天 15:02,#山大书屋#,"“无边无际连绵的季风雨，
水獭也许会再度化身为鲸。”
黄锦树的书里，正值水汽氤氲的雨季。
（via@PoemsForYou）"
今天 13:32,#新技能get√#,"【你一定要知道的9个视觉法则】
当你面对设计需求不知如何入手时，除了把素材变大变小、换颜色，还可以有这9种实用的视觉法则。姗姗先帮大家收藏啦！
（via@优设）"
今天 11:50,#山大放映室#,"【TED演讲 | 如何更好地处理愤怒情绪？】生活中，我们常会因愤怒而失去理智，造成一些不可挽回的伤害。为何我们经常会因为一些小事而生气？如何更好地理解及处理愤怒情绪？和姗姗一起听听愤怒研究专家Ryan Martin的意见吧~（via@TED精选Live）
LTED精选Live的微博视频"
今天 10:18,我爱拍山大超话,"种一棵树，最好的时间是十年前，其次是现在。
快来评论区分享你拍到的山大吧！"
今天 08:24,#早安，山大！#,"登上顶峰的斗争本身，
足以充实人的心灵。
——加缪

早安，小山竹们~"
3月20日 23:19,#山大心语#,"有一件好事情——我觉得：自己已经越发进步，对于旁人的责难可以不介意了。
——托尔斯泰

晚安"
3月20日 22:45,#每日山问#,下面哪种剧种被称为“中国百戏之师”？ R山东大学的微博投票
3月20日 22:07,#姗姗话题圈#,如果可以获得一种超能力，山竹们最想拥有什么超能力呢？
3月20日 20:12,#山大放映室#,"国宝“复活”记，自然博物馆展示的灵魂是标本，这些栩栩如生的标本是怎样被制作出来的？标本制作师是怎样赋予它们新的生命？跟着上海自然博物馆的标本制作师马鸣一去看看，他和同事们是如何“复活”国宝大熊猫的。L指尖博物馆MuseuM的微博视频
（via@指尖博物馆museum）"
3月20日 19:10,#新技能get√#,"考研英文自我介绍+问题，快来看看吧~
（via@考研圈）"
3月20日 17:35,#山大书屋#,"“淅淅西风淡淡烟，几点疏疏雨。”

在春天，下雨也浪漫。
（via@poemsforyou）"
3月20日 16:06,#山大放映室#,"【深海怪鱼逗翻一众科学家 Scientists' Hilarious Reaction to Bizarre Deep-Sea Fish】
夏威夷海域1600米深处发现的怪鱼吞噬鳗！谁还不会点儿防身之术呢！
每个小朋友都幻想拥有一只可以将自己变大变小变漂亮的魔法棒！夏威夷海底深处还真有一只能变大变小变漂亮的怪鱼，还自带逗比和防 ...展开全文c"
3月20日 14:16,#百廿故事，山大星辰#,"春秋迭代，初心如磐。百廿山大，历经风霜洗礼；万千俊才，矢志强校兴国。让我们一起望璀璨星辰，表吾辈敬意，汇磅礴力量。
汤腾汉(1900.5.2-1988.6.23)--福建龙溪人。药物化学家，中国军用毒剂化学检验研究先驱。1930-1935、1936-1938年先后任国立青岛大学、国立山东大学化学系教 ...展开全文c"
3月20日 11:47,#姗姗话题圈#,
3月20日 10:36,#山大资讯#,"【空间科学攀登团队证实“地球风”可在月球表面生成水】
近日，山东大学“太阳爆发及其对行星空间环境的影响”攀登团队、空间科学研究院磁层与太阳风相互作用课题组和行星科学课题组，联合国内外多个单位科研人员，通过多学科交叉研究（空间物理、天体化学和行星光谱学），提出并证实“地球 ...展开全文c"
3月20日 08:17,#早安，山大#,"没有另一种选择，你所有现有的选择都是对的，它就像人的感情一样，无须去假设，因为无论怎样去假设，那假设都不会成立。
——山本文绪

早安呀"
3月19日 23:02,#山大心语#,"自我控制是最强者的本能。
——乔治·伯纳·萧
晚安😴"
3月19日 21:54,#新技能get√#,考研复试英语口语面试必备，有需要的同学赶快码起来吧！（via.@学霸课长）
3月19日 20:29,#山大书屋#,"“风止于山，潮覆于海 如此人间”
和姗姗一起感受诗人笔下的“风“和浪潮。
（via.@Poemsforyou）"
3月19日 20:03,#每日山问#,人体最复杂的关节是 ？R山东大学的微博投票
3月19日 19:26,#姗姗话题圈#,山竹们都做过哪些有趣的梦呢？
3月19日 16:22,#新技能get√#,英语四级英语六级听力形近音近词，有需要的山竹赶快码住！（via.@大学霸儿）
3月19日 14:10,#山大资讯#,"国内首次！山大团队研制的日冕仪观测到白光日冕像
早在2018年10月，山东大学、中国科学院长春光学精密机械与物理研究所和云南天文台三家单位就曾联合，利用自主研制的成像光谱日冕仪样机首次观测到太阳E冕图像。
而本次观测所使用的日冕仪是山大受中国科学院云南天文台委托，为其承担的中 ...展开全文c"
3月19日 11:48,#姗姗话题圈#,山竹们都有哪些提高生活幸福感的小tips ？
3月19日 11:02,#山大放映室#,【有梦想谁都了不起！
3月19日 10:00,#山大放映室#,【超好听！
3月19日 08:05,#早安，山大#,"人一生中有两个最重要的日子，一是出生那天，二是发现你为何而生的那天
————马克·吐温
早安"
3月18日 22:41,#山大心语#,"
寒风推送着混浊的波澜，波澜拥向歪斜的石岸。石缝中有一抹淡绿的幼芽，顽强地展开了小小的叶瓣。
——顾城

晚安"
3月18日 20:38,#每日山问#,今日科普 】 R山东大学的微博投票
3月18日 19:44,#山大放映室#,外国网友用乐高来“下厨房”，看着这个视频，无论是听觉还是视觉都好享受，也太有趣了，快和姗姗一起来看看吧！（via@英国报姐 ） L英国报姐的微博视频
3月18日 18:53,#每日山问#,"英语“译”站】
diamond是钻石 R山东大学的微博投票"
3月18日 16:35,#山大放映室#,【TED：这款自动对焦眼镜来自未来】当你上了年纪后，眼睛就会渐渐失去对焦的能力，导致我们需要依靠双焦镜、隐形眼镜和激光手术来恢复视力。电子工程师 Nitish Padmanaban 带来了一款令人赏心悦目的先进科技：动态自动对焦镜片。它可以追踪你的视线并适当对焦，不管是近处还是远处。   ...展开全文c
3月18日 12:24,#姗姗话题圈#,山竹们都成功报上四六级了吗？你今年的目标分数是多少呢？在评论区分享一下吧！
3月18日 10:05,#百廿故事，山大星辰#,"春秋迭代，初心如磐。百廿山大，历经风霜洗礼；万千俊才，矢志强校兴国。让我们一起望璀璨星辰，表吾辈敬意，汇磅礴力量。
童第周(1902.5.28-1979.3.30)--浙江鄞县人。生物学家、中国实验胚胎学主要创始人，中国海洋科学研究奠基人，被誉为“中国克隆之父”，中国科学院院士、副院 ...展开全文c"
3月17日 22:50,#山大心语#,"有些人之所以不断成长，就绝对是有一种坚持下去的力量。好读书，肯下功夫，不仅读，还做笔记。人要成长，必有原因，背后的努力与积累一定数倍于普通人。所以，关键还在于自己。

—— 杨绛

晚安哦"
3月17日 20:34,#每日山问#,今日趣味知识问答 R山东大学的微博投票
3月17日 19:06,#姗姗话题圈#,评论区分享出你的名字缩写，看看别人会怎么称呼你～
3月17日 16:34,#山大放映室#,【最毒舌TED精品：你为何啥事儿都干不成?】我们经常为自己放弃的学业事业找借口。而在这个风趣直率的演讲中-- 毒舌教授Larry Smith毫不留情地戳穿了人们不去追求梦想的种种借口，虽然有些话听起来有些扎心，但道理却令人受益匪浅。LTED精选Live的微博视频 （via@英语口语精华）
3月17日 15:43,#新技能get√#,发现个小而精的导航网站：O网页链接，收集了100多个超级实用的网站，包括小工具、矢量素材、视频素材等网站。（via@班叔）
3月17日 15:13,#山大书屋#,世界百位文学大师代表作，一起来看看吧～(via@经典书籍推荐)
1月29日 17:12,#姗姗话题圈#,山竹们觉得哪段记忆，是你内心深处的童年？
1月29日 15:30,#山大书屋#,《我想做一个能在你的葬礼上描述一生的人》由20余位作家共同完成。书里写的，都是作家们的往事回忆。在这本书里，作家们深情地怀念母亲、恋人，还有他们敬重的老师、珍爱的朋友。和姗姗一起感受书中更加纯粹、真实，也更加令人动容的文字吧。（via.@PoemsForyou)
1月29日 14:52,#百廿故事，山大星辰#,"春秋迭代，初心如磐。百廿山大，历经风霜洗礼；万千俊才，矢志强校兴国。让我们一起望璀璨星辰，表吾辈敬意，汇磅礴力量。
吕荧(1915.11.25-1969.3.5)--安徽天长人。美学家、文艺评论家、翻译家、教育家，美学“主观派”主要代表人物。1950-1952年山东大学中文系教授、主任。"
1月29日 13:41,#山大书屋#,豆瓣高分推荐书单，假期也要继续充实自己哦！（via.@经典书籍推荐）
1月29日 12:16,#姗姗话题圈#,如果让你给自己写一本自传，你会取什么名？
1月29日 09:07,#山大放映室#,【TED演讲：只要你有真正的信心，一切皆有可能】信心越足，我们能为自己的未来创造的机会就越多，我们的每一次大胆尝试，即使结果不可期，即使成功的路不明朗，我们都在为自己切切实实的积累自信心。所以，无论结果如何，大胆地去做一件对自己很有价值的事吧。（via.@TEDNews) ...展开全文c
1月29日 07:45,#早安，山大！#,"面对世界永恒的新奇，我感到我每一刻都是新生。
———佩索阿
早安"
1月28日 23:40,#山大心语#,"要记得在庸常的物质生活之上，还有更为迷人的精神世界，这个世界就像头顶上夜空中的月亮，它不耀眼，散发着宁静又平和的光芒。
——毛姆
晚安"
1月28日 20:36,#每日山问#,我国文学史上最长的一首浪漫主义抒情诗是哪一个作品呢 R山东大学的微博投票
1月28日 19:12,#姗姗话题圈#,大家记忆里关于冬天的诗句有哪些呢
1月28日 17:53,#新技能get√#,"英语作文24个高分例句集锦，考研、四六级、托福雅思都可以用到。
（via@学霸课长）"
1月28日 16:52,#山大书屋#,"天空填满颜色，山野勾勒轮廓。
郁达夫的散文是一幅画，也是调色盘。
（via@poemsforyou）"
1月28日 15:10,#新技能get#,"【超详细版英语自我介绍】各类考试面试总会需要用英文来做自我介绍，有些小山竹可能没有头绪，其实我们可以从生活、爱好和理想三大方面入手，做一份完美的自我介绍！L星火英语官方微博的微博视频
（via@星火英语官方微博）"
1月25日 17:51,#百廿故事，山大星辰#,"春秋迭代，初心如磐。百廿山大，历经风霜洗礼；万千俊才，矢志强校兴国。让我们一起望璀璨星辰，表吾辈敬意，汇磅礴力量。
薛暮桥（1904.10.25-2005.7.22)，江苏无锡人。经济学家，被誉为“市场经济拓荒者”，中国科学院学部委员。1946年临沂山东大学教授。"
1月25日 17:37,#新技能Get√#,"【超级干货大合集】
【考试类】
*考研干货合集 O格瑞是光呀
*国家计算机二级MS-Office合集 O资源掌柜
*考研资源搜索合集 O一烫
*四六级干货合集 O小山菜柰-...展开全文c"
1月25日 14:28,#每日山问#,今日送分题来啦，“碰巧”用英文怎么说？ R山东大学的微博投票
1月25日 13:30,#山大书屋#,"“春天是没有国籍的，白云是世界的公民。”

等待春天的时候，不如为它写首诗吧。🍃
（via @Poemsforyou)"
1月25日 11:23,#姗姗话题圈#,"姗姗最近才发现各地的健康码名字都不一样：
上海叫「随申码」
南京叫「宁归来」
吉林叫「吉祥码」
广州叫「穗康码」
辽宁是「辽事通」...展开全文c"
1月25日 09:06,#山大放映室#,"【如何克服想法和目标太多？】当你被太多的想法淹没时，你会怎么做？快来和姗姗一起克服空想症吧LONE字幕组的微博视频
(via@ONE字幕组)"
1月25日 08:10,#早安，山大！#,"
不用滞留采花保存，只管往前走去，一路上百花自会盛开。
                                                       ——泰戈尔

假期愉快啊～"
1月24日 23:02,#山大心语#,"
寒风推送着混浊的波澜，波澜拥向歪斜的石岸。石缝中有一抹淡绿的幼芽，顽强地展开了小小的叶瓣。——顾城

晚安"
1月24日 20:00,#FM.1901#,"北京时间20：00，让音乐传递你我的心声，欢迎收听山东大学音乐电台FM.1901，我是主播姗姗。
今天播送的是@去开一家小卖部  推荐的曲目——由蔡程昱演唱的《自己的明天》。
她的推荐理由是：“远方的地平线，那不是终点线”。纵然生活布满荆棘，追梦初心不曾改变，希望我们每一个人都会 ...展开全文c"
1月24日 17:23,#每日山问#,英语“译”站】 R山东大学的微博投票
1月24日 15:33,#山大放映室#,当狗狗知道主人就快要到家的时候—— 乖乖坐在家门口等待主人回来，在主人到家后又兴奋地疯狂原地转圈......（ TT：Nancy Gail）LYouTube精选的微博视频
1月24日 14:13,#微信黄脸表情会动了#,盘点那些表情的隐藏含义，山竹们都get到了吗？还有哪些你发现的隐藏含义呢？
1月24日 13:21,#山大放映室#,【TED：这些城市是这样为交通“排毒”的】Monica Araya带领我们周游世界各地的城市，这些城市正努力在未来十年内实现交通系统的全面电动化，并转向零排放的摩托车、汽车、公共汽车、渡轮等。一起来看看没有内燃机的未来会是什么样子吧！  LTEDNews的微博视频 （via@TEDNews）
1月24日 12:14,#每日山问#,今日科普】 R山东大学的微博投票
1月24日 10:26,#百廿故事，山大星辰#,"春秋迭代，初心如磐。百廿山大，历经风霜洗礼；万千俊才，矢志强校兴国。让我们一起望璀璨星辰，表吾辈敬意，汇磅礴力量。
卢振华(1911.1.8-1979.3.3)--湖北红安人。历史学家，中国古代史、《史记》研究专家。1946年起山东大学历史系任教-- 曾任亚洲史教研室、中国古代史教研室主任 ...展开全文c"
1月24日 08:56,#新技能get√#,从开题到答辩，你一定用得到的论文技巧！ 山竹们快🐴起来吧！（via@人民日报）
1月24日 07:23,#早安，山大！#,"
我喜欢冬天的阳光，在迷茫的晨雾中展开。我喜欢那份宁静淡远，我喜欢那没有喧哗的光和热。那种原始而淳朴的意象总深深地感动着我的心。——张晓风

早"
1月23日 22:44,#山大心语#,"
每一代人都有他们各自的悲欢。对年轻的一代人来说，重要的是去理解而不是批评责备。
——《江城》

晚安"
1月23日 21:44,#姗姗话题圈#,坦白局！让姗姗看看谁还没睡觉！山竹们放假后的平均睡眠时长都是几个小时呢？
1月23日 20:05,#FM.1901#,"北京时间20：05，让音乐传递你我的心声，欢迎收听山东大学音乐电台FM.1901，我是主播姗姗。
今天播送的是@胖橘叻 推荐的曲目——由周深演唱的《无所畏惧》。
她的推荐理由是：首先因为很喜欢里面的一句歌词：“我怕星辰会淹没夜空，就像我怕一生都追不到那些梦。你的眼神，无条件信任 ...展开全文c"
1月23日 18:04,#每日山问#,"日科普知识问答～
哺乳动物是最高等的脊椎动物，靠母体的乳腺分泌乳汁哺育初生幼体。 R山东大学的微博投票"
1月23日 14:05,#山大书屋#,"世界名著里最经典的100句话】
生无所息，阅读不止。有些道理，经典名著早就告诉我们了。
姗姗在这里码给大家，经典中的精华，快快转发收藏吧！
（via：@经典书籍推荐）"
1月23日 12:40,#山大放映室#,
1月23日 11:35,#姗姗话题圈#,微信推出动态黄脸表情啦，你最爱用的微信/微博表情是什么呢？姗姗先来
1月23日 09:51,#百廿故事，山大星辰#,"春秋迭代，初心如磐。百廿山大，历经风霜洗礼；万千俊才，矢志强校兴国。让我们一起望璀璨星辰，表吾辈敬意，汇磅礴力量。
尚钺（1902.3.23-1982.1.6)--河南罗山人。历史学家、作家、教育家，中国科学院学部委员。1947-1948年临沂山东大学教授。"
1月23日 08:40,#早安，山大！#,"
我拥有的唯一支撑就是尽力让自己清醒地明白一切都是短暂的，你之所以爱一些东西正是因为它们是飞逝的、短暂的。我慢慢地明白，爱并不像我一直想象的那样是占有，爱更多的是失去。
——肯·威尔伯

早安"
1月13日 22:43,#山大心语#,"
请你，负担起对自己的责任来，要活得热烈而起劲。每一天，活得踏实，将分内的工作，做到尽自己能力之内的完美，就无愧天地。
——三毛

晚安"
1月13日 21:55,#山大放映室#,"9.1分史诗纪录片《天地玄黄》
花费14个月，走遍了六大洲的24个国家，用镜头记录大自然最壮阔绚丽的景致，带来视觉与听觉的双重震撼！
被誉为称为『二十世纪最伟大的纪录片』！洗涤心灵之作，姗姗建议先马在看！ L每日纪录片推荐的微博视频 （via@每日纪录片推荐）"
1月13日 20:52,#每日山问#,【英语“译”站 】 R山东大学的微博投票
1月13日 18:24,#山大放映室#,【TED：你的遗传基因、文化、历史会如何影响你的健康？】生物人类学家 Lara Durgavich介绍“演化医学”。当你面临一些疾病的潜在威胁的时候，也许可以在你的祖先进化的轨迹中找到答案。而了解自己的演化史，也能帮助你对自己未来的健康有更多规划哦！快和姗姗一起来看看吧！（via ...展开全文c
1月13日 16:14,#百廿故事，山大星辰#,"春秋迭代，初心如磐。百廿山大，历经风霜洗礼；万千俊才，矢志强校兴国。让我们一起望璀璨星辰，表吾辈敬意，汇磅礴力量。
胡鸣盛（1886-1971.10.30）-- 湖北应城人。文史学家、教育家，经学、训诂、版本、校勘专家，曾任故宫博物院特询委员。1935-1936年国立山东大学文学院教授兼 ...展开全文c"
1月13日 15:25,#每日山问#,【今日科普】 R山东大学的微博投票
1月13日 14:48,#山大书屋#,"《三字经》逐句解释的完整版！
（via@人民日报）"
1月13日 12:17,#姗姗话题圈#,你的家乡气温现在是多少度呢？
1月13日 10:10,#新技能Get√#,实用的排版布局形式参考，有需要的山竹们抓紧🐴起来吧！（via@设计青年）
1月13日 09:28,#早安，山大！#,"
要想学到本事，只有一种方式，那就是行动！——《牧羊少年奇幻之旅》

早安"
1月12日 21:41,#山大心语#,"黑夜无论怎样悠长--白昼总会到来。

——莎士比亚

晚安哦"
1月12日 19:25,#每日山问#,今日趣味知识问答 R山东大学的微博投票
1月12日 18:43,#姗姗话题圈#,每个人都来模仿家长的语气说一句话吧！
1月12日 18:10,#山大放映室#,"【TED演讲：通过训练你的思维来超越你的极限】有“英国最佳治疗师”之称的讲者Marisa Peer告诉我们：
1. 你的大脑会做它认为对你最有利的事情。如果你没有得到你想要的，那么就是你没有与大脑进行适当的合作。
2. 你的大脑天生就倾向于快乐和避免痛苦。
3. 你所有的感觉可以归结为两件事 ...展开全文c"
1月12日 16:23,#山大放映室#,【
1月12日 14:18,#山大书屋#,"推荐书目：《人类简史》
推荐原因：
《人类简史》是以色列新锐历史学家的一部重磅作品。从十万年前有生命迹象开始到21世纪资本、科技交织的人类发展史。十万年前，地球上至少有六个人种，为何今天却只剩下了我们自己？我们曾经只是非洲角落一个毫不起眼的族群，对地球上生态的影响力和萤火 ...展开全文c"
1月12日 12:27,#百廿故事，山大星辰#,"春秋迭代，初心如磐。百廿山大，历经风霜洗礼；万千俊才，矢志强校兴国。让我们一起望璀璨星辰，表吾辈敬意，汇磅礴力量。
闻宥，(1901.10.5-1985.9.27)--江苏娄县人。民族学家、历史学家、古文字学家，藏系语言文字、古文物、彝文、羌语、古铜鼓研究专家。1932-1933、1935-1936 ...展开全文c"
1月12日 11:26,#姗姗话题圈#,考试周结束啦！小山竹们做的第一件事是什么呢？
1月12日 10:16,#新技能get√#,简历小技巧，早晚会用到～（via@学霸课长）
1月12日 09:23,#山大书屋#,【学会享受孤独，而不是忍受孤独】如果今天的你身边无人陪伴，不如学会独处吧，这将是最好的自我增值期。减少干扰，可以叩问自我、不断求索。不浮躁，不焦虑，把表面的花哨洗去，才能从容踏上想去的路。你的未来，都藏在这段珍贵而又纯粹的时光里。9句话，愿你学会享受孤独，而不是忍受孤 ...展开全文c
1月12日 08:21,#早安，山大！#,"
焰火下的孤独，是每一个梦想必须经过的地方。

——毕淑敏

早安呀～"
1月11日 22:48,#山大心语#,"
没有不可治愈的伤痛，没有不能结束的沉沦，所有失去的，会以另一种方式归来。
——约翰·肖尔斯《许愿树》

晚安啦"
1月11日 21:42,#新技能Get√#,"自学PS教程合集～寒假在家解锁新技能💪
敬伟PS教程 O敬伟PS教程全集
史上最容易听懂的PS入门基础教程 O【Photoshop 教程】史上最容易听懂的PS入门基...
Photoshop从入门到放弃全教程 O网页链接
PS常用快捷键 ¡查看图片
Photoshop基础工具入门 ¡查看图片...展开全文c"
1月11日 20:21,#每日山问#,姗姗小科普来啦~以下哪个不属于京剧四行当呢？ R山东大学的微博投票
1月11日 18:28,#姗姗话题圈#,如果把你微博ID第二个字做叠词当作你的昵称，看看是什么！
1月11日 17:09,#山大放映室#,
1月11日 15:02,#每日山问#,姗姗来提问啦！成年人身上有多少块骨骼呢？ R山东大学的微博投票
1月2日 11:59,#姗姗话题圈#,考试周已经开始啦，山竹们第一门考试科目是什么呀？准备的怎么样了呢
1月2日 10:28,#百廿故事，山大星辰#,"老舍先生(1899.2.3-1966.8.24)--北京人。作家、语言大师、人民艺术家。1930-1934年齐鲁大学教授，1934-1936年国立青岛大学教授，1937年齐鲁大学教授。
老舍先生致力于文学的普及和曲艺的改造，是民间曲艺改革的一位先驱者。在中国现代作家之中，老舍先生是唯一一个能够身体力行地 ...展开全文c"
1月2日 09:04,#山大放映室#,
1月2日 08:10,#早安，山大！#,"如果有一天，你不再渴望成功，只是去做；你不再追求空泛的成长，只是开始修养自己的性情；你的人生，才真正开始。
———纪伯伦
早安，山竹们！"
1月1日 22:39,#山大心语#,"
即使没有月亮，心中也是一片皎洁。
——路遥

晚安啦"
1月1日 20:27,#姗姗话题圈#,山竹们，在评论区点击“冬”字一直按到结束，让姗姗康康你的冬日里有什么吧！
1月1日 19:13,#每日山问#,叮咚，英语小课堂开课啦~请问deep pocket是什么意思呢？ R山东大学的微博投票
1月1日 18:07,#给红薯一个机会#,"错过了西瓜苹果，还有红薯挑战赛呀！
@山竹们，助农爱心红薯，需要你的支持~快来原博转发评论@山东大学 吧！
助力脱贫攻坚的路上，有你有我！"
1月1日 17:15,#山大放映室#,姗姗送上治愈视频~
1月1日 14:33,#姗姗话题圈#,如果不考虑任何因素，你现在最想去哪里呢！
1月1日 13:31,#山大书屋#,"“虚空是一点爱惜的深心。
宇宙是一颗不损坏的飞尘。”

废名如此描述自己的诗：我的诗是天然的，是偶然的，是整个的不是零星的，不写而还是诗的。✨
（图Via@PoemsForYou)"
1月1日 11:21,#每日山问#,姗姗的汉字科普来咯，你知道“槑”怎么读嘛？ R山东大学的微博投票
1月1日 10:12,#百廿故事，山大星辰#,"春秋迭代，初心如磐。
百廿山大，历经风霜洗礼；万千俊才，矢志强校兴国。新年伊始，为迎接山东大学120周年华诞，砥砺山大人兴学图强的初心使命。从今天开始，姗姗每天为大家分享一位山大历史上的名师大家，让我们一起望璀璨星辰，表吾辈敬意，汇磅礴力量。
闻一多先生（1899—19 ...展开全文c"
1月1日 09:01,#新技能Get√#,"【论文写作】快码住备用吧！
1.文献检索与论文写作：O名校公开课-文献检索与论文写作-武祥龙 | 西...
2.文献管理与信息分析：O【中国科学技术大学】文献管理与信息分析 [20...
3.保姆级论文写作教程：O在家如何写出优秀论文？？【保姆级论文写作教...
4.英语学术论文写作：O英语学术论文写作
5.学术思维与论文写作：O学术思维与论文写作...展开全文c"
1月1日 07:58,#早安，山大！#,"我与光一起生活
我的一生是飘过的一缕芳香
我的一秒是日久月长
——阿多尼斯《我的孤独是一座花园》

元旦快乐哦～"
2020-12-31 22:53,#山大心语#,"一个人吃苦碰钉子都不要紧，只要吸取教训，所谓人生或社会的教育就是这么回事。
——傅雷"
2020-12-31 21:17,#每日山问#,英语短语“have a thick skin”的意思是？ R山东大学的微博投票
2020-12-31 18:23,#山大放映室#,"【2020哪一刻让你觉得很美？】这一年我们经历了很多磨难，也在这些磨难中看到太多打动人心的美：没有光环却义无反顾的逆行天使很美，没有盔甲但用身体守护大美河山的战士很美，点燃自己再照亮更多人的教师很美…山竹心里最美的时刻是什么呢？L人民日报的微博视频
（via@人民日报）"
2020-12-31 15:40,#2020最后一天#,
2020-12-31 14:39,#山大书屋#,"睡美人蛮累的
只想继续睡
偏偏就有人一定要来吻她

一组林婉瑜笔下的童话故事
（via@poemsforyou）"
2020-12-31 12:50,#山大放映室#,【治愈系列：
2020-12-31 11:24,#2020最后一天#,
2020-12-31 10:03,#山大资讯#,"【山大主办中国人大预算监督研讨会暨《中国政府预算改革发展年度报告2019》发布式】
12月27日，中国人大预算监督研讨会暨《中国政府预算改革发展年度报告2019：聚焦中国人大预算监督改革》发布式在北京召开，中国财政学会人大预算监督专业委员会筹备会同期举行。第十三届全国人民代表大会财 ...展开全文c"
2020-12-31 07:57,#早安，山大！#,"把寄与他人的希望收回来放在自己身上，倒也温馨。
——木心
早安呀"
2020-12-30 22:05,#山大心语#,"
走正确的路，放无心的手，结有道之朋，断无义之友，饮清净之茶，戒色花之酒，开方便之门，闭是非之口。

—— 丰子恺 晚安哦"
2020-12-30 19:35,#姗姗话题圈#,快要放假了，学校里有什么你舍不得的人或物吗～？
2020-12-29 12:53,#校园冬景图鉴#,❄️
2020-12-29 11:08,#校园冬景图鉴#,❄️
2020-12-29 08:35,#早安，山大！#,"
在黑白里温柔地爱彩色，在彩色里朝圣黑白。——汪曾祺

早安，考试周加油噢！💪"
2020-12-28 23:21,#山大心语#,"胸中有丘壑，眉目作山河。
——李爱玲

姗姗今晚熬夜了，山竹们有按时睡觉吗？"
2020-12-28 20:13,#山大书屋#,"杨绛先生赠予年轻人的人生哲理，值得正在迷茫中挣扎的你细细品读。

（via@看书有道）"
2020-12-28 15:28,#姗姗话题圈#,考试周结束你第一件想去做的事是什么呢？
2020-12-28 14:33,#山大书屋#,"【诗歌|幸福的宇宙没有悲苦与忧愁】✨

人之所以能够感到“幸福”，不是因为生活得舒适，而是因为生活得有希望。
|帕乌斯托夫斯基

（via@新浪读书）"
2020-12-28 12:34,#快进2020#,2020进度条即将拉满，这一年也是有姗姗大山陪伴的一年，从早安到晚安，从每一天的话题圈互动到特殊节日的陪伴，从山川到河流，朝朝暮暮，我们都在身旁❤️
2020-12-28 09:04,#山大放映室#,"【是什么让粉色成为了女性的代表色】
在20世纪初期以及之前，谈到女性的“代表色”，有不少人的印象还是庄重又不失精巧的蓝色。《时代》杂志1927年的一项调查也显示粉色并非完全主流。

那么粉色是如何演变成为了现在的“女性代表色”呢？这还要追溯到1953年 艾森豪威尔 出任美国总统的 ...展开全文c"
2020-12-28 08:11,#早安，山大！#,"尽吾志也而不能至者，可以无悔矣！
——王安石

早安~"
2020-12-27 21:55,#山大心语#,"真正的阅读，
可以发生在喧嚣的人海，
也可以坐落在冷峻的沙漠。
——毕淑敏

夜幕降临，要做个美梦哦~"
2020-12-27 19:51,#每日山问#,学史上被称为“小李杜”的是杜牧和哪位诗人？ R山东大学的微博投票
2020-12-12 23:15,#山大心语#,"“不可能天天都是好日子，有了不顺心的日子，好日子才会闪闪发亮。”
——坂本健一
晚安😴"
2020-12-12 20:04,#每日山问#,：文化常识小考查：科举考试中称乡试的第一名为？ R山东大学的微博投票
2020-12-12 18:14,#六级答案#,
2020-12-12 15:42,#这就是北方人的快乐吗#,些快乐你都拥有了吗？
2020-12-12 14:51,#山大资讯#,"山东大学姜波教授当选国际古迹遗址理事会副主席
12月7日，第20届国际古迹遗址理事会（ICOMOS）全球大会举行第二次线上会议。经过选举，中国古迹遗址保护协会副理事长、山东大学姜波教授当选国际古迹遗址理事会（ICOMOS）副主席。
第20届国际古迹遗址理事会全球大会于12月3日开幕，上届主席 ...展开全文c"
2020-12-12 14:10,#新技能get√#,这些历年
2020-12-12 12:30,#四级翻译#,
2020-12-12 12:00,#姗姗话题圈#,收好这份
2020-12-12 11:22,#山大放映室#,"疫情隔离在家期间，小女孩和邮递员养成了默契，不管晴天雨天都要“隔窗斗舞”，邻居们也开始注意到这一对神奇的好朋友...一起来看看吧！
LYouTube精彩视频的微博视频
（via.@YouTube精彩视频）"
2020-12-12 09:43,#山大放映室#,【转！致敬！
2020-12-12 08:35,#新技能Get√#,这份
2020-12-12 07:52,#早安，山大！#,"“成功就是从失败到失败，也依然不减热情”
——丘吉尔
早安山竹们"
2020-12-9 15:41,#山大放映室#,【听！
2020-12-9 14:50,#山大书屋#,"推荐书目：《战火中的大学》
推荐原因：成仿吾同志提倡实事求是和独创精神，主张办适合中国国情有中国特色的教育。重视学生德智体全面发展、又红又专。他坚持学校工作要在党的领导下，发挥各级组织的作用和师生员工的积极性。尤其重视师资的培养和提高，要求教师言传身教、教书育人。本书 ...展开全文c"
2020-12-9 11:26,#新技能get√#,姗姗找来了英语语法易错知识点总结！ （via@学霸课长）
2020-12-9 10:31,#山大放映室#,【TED：如何驯服走神的大脑？几个技巧帮你更专注】你一定听过这个说法，“人类只使用了大脑10%的潜力。” 作为一个神经系统学家，我可以告诉你，这句话其实完全错误！真相是，人类已经使用了大脑100%的潜力。人的大脑是是一个已经完全开发的、极其高效而且耗能的器官。而且，即使潜力已 ...展开全文c
2020-12-9 09:14,#山大资讯#,"【山东大学微生物技术国家重点实验室主任张友明当选德国国家工程院院士】
近日，接德国国家工程院（ACATECH）官方通知函，山东大学微生物技术国家重点实验室主任张友明在德国国家工程院2020年度院士大会中当选为德国工程院院士。"
2020-12-9 08:08,#早安，山大！#,"
我已无暇顾及过去，我要向前走。
—— 米兰·昆德拉

早安呀！"
2020-12-8 22:31,#山大心语#,"
历经万般红尘劫，犹如凉风轻拂面。——林清玄

晚安，祝你好梦"
2020-12-8 20:31,#我爱拍山大#,“愿少年，乘风破浪，他日毋忘化雨功。”
2020-12-8 19:16,#每日山问#,下列诗句所描述的传统节日，与其他三项不同的一项是？ R山东大学的微博投票
2020-12-8 18:12,#姗姗话题圈#,山竹们，如果微博的前三个表情代表2020结尾的心情或状态，你的是什么样的呢～
2020-12-8 15:56,#新技能get√#,"四六级冲冲冲！让姗姗祝你一臂之力吧～英语四六级写作常用句型马住啦！
（via@橙啦四六级备考）"
2020-12-8 13:49,#山大书屋#,"冬天轰轰烈烈地进行着。
搜集了一些关于冬天的诗，希望能在凛冬中给你带来些许温暖。
（via@PoemsForYou）"
2020-12-8 09:54,#山大资讯#,"【笃行如初，行稳致远！山大多项研究成果获省社科一等奖】
山东省社会科学优秀成果奖是省政府颁发的省社会科学研究最高成果奖，每年评选一次。自1983年以来已完成34次评选。日前，第34届获奖成果名单已公布，共评出250项（特等奖并一等奖1项、一等奖29项、二等奖100项、三等奖120项）。
...展开全文c"
2020-12-8 07:47,#早安，山大！#,"
与海为邻，住在无尽蓝的隔壁，却无壁可隔，一无所有，却拥有一切。—— 余光中

山竹们，早安～"
2020-12-7 22:57,#山大心语#,"步履一生，清风自在，我有明珠一颗，照破山河。
——林清玄
晚安"
2020-12-7 21:44,#山大书屋#,"【村上龙|困惑压抑亦透明清澈的文学体质】

快乐需要能量，那就是斗争。那场让所有无聊的家伙都能听到我的笑声的斗争，我想大概会坚持到我生命的终止。
|村上龙

（via@新浪读书）"
2020-12-7 17:11,#山大放映室#,"有的电影连海报都在讲故事～来看看这些诗意的海报叭！
别忘了告诉姗姗你被种草了哪部呢？
（via@亭林镇无业青年）"
2020-12-7 16:10,#每日山问#,山竹们都知道“dirt”是“尘土”的意思，那大家知道“eat dirt”是什么意思吗？ R山东大学的微博投票
2020-12-7 14:48,#姗姗话题圈#,"2020就快结束啦！这一年你做过最骄傲的一件事是什么呢？
评论区分享让姗姗和大家一起夸夸你叭❤️"
2020-12-7 13:18,#校园vlog#,山大学子，才艺飞扬；歌一曲声入人心，舞一支惊鸿一翩，妙语连珠乐全席……听说...SDUers各个都身怀绝技，才艺新星大赛布下各展才华的舞台，和姗姗一起来看看新生们绽放的夺目光彩吧 L山东大学的微博视频
2020-12-7 11:54,#山大书屋#,"小朋友的笔下总是充满奇思妙想，一起来看看小朋友的神奇世界叭
（via@看书有道）"
2020-12-7 11:03,#山大放映室#,"用几分钟时间见证一朵向日葵两个月来从发芽到开花的生长过程！植物旺盛的生命力似乎随时会冲破屏幕，实在让人动容。
来和姗姗一起看看吧！
（via@当时我就震惊了）
L当时我就震惊了的微博视频"
2020-12-7 07:26,#早安，山大！#,"我终于肯定我所怀念的，不是那些终将逝去的东西，而是清晨鸟鸣时的宁静。
——罗伯特·潘沃伦

早安呀"
2020-12-6 22:36,#山大心语#,"当泪的潮涌渐渐退远，
理想的岛屿就会浮现。
——顾城

夜幕降临，要做个美梦哦~"
2020-12-6 20:03,#每日山问#,中国历史上被誉为“药王”的是谁？ R山东大学的微博投票
2020-12-6 15:51,#新技能get√#,【excel办公操作技巧】计算机等级考试必备！姗姗先帮大家收藏了~（via@央视新闻）
2020-12-6 14:31,#姗姗话题圈#,小山竹们的微信拍一拍设置是什么呢？
2020-12-6 13:31,#山大书屋#,【治愈书单】困难的时刻，阅读正是自我治愈的良方，阅读能够传递温暖、丰盈内心。9本治愈好书推荐给可爱的小山竹们~ （via@思想聚焦）
2020-12-6 10:48,#山大资讯#,"【山大九课题获2020国家社科基金重大项目立项--立项数位列全国高校第七位】
12月3日，全国哲学社会科学工作办公室公布了2020年度国家社科基金重大项目立项名单，山东大学九项课题获准立项，立项数居全国高校第七位。本次获批项目学科分布为：经济学5项、社会学2项、考古学1项、体育学1项，其 ...展开全文c"
2020-12-6 08:33,#山大放映室#,【
2020-12-6 07:33,#早安，山大！#,"若无德，
则虽体魄智力发达，
适足助其为恶。
——蔡元培

早安，小山竹们~"
2020-12-5 23:04,#山大心语#,"任何命运，无论如何漫长复杂，实际上只反映于一个瞬间：人们大彻大悟自己究竟是谁的瞬间。
———博尔赫斯"
2020-12-5 21:17,#山大书屋#,【“残念猫”作者又一暖萌力作《藏狐砂冈先生》引进出版】本书是漫画家Q桑继《残念猫》系列之后的又一人气力作，丧丧的画风中蕴含着抚慰人心的温柔力量，作家糸井重里特别推荐，称本书为“漫画史上最沉默的温柔”。103则疲惫日常中的暖心故事，生活有时很丧，还好我们总能被温暖与爱意拯救 ...展开全文c
2020-12-5 20:51,#每日山问#,文学常识小考查：巴金先生所作的“激流三部曲”中不包括下面哪一部？ R山东大学的微博投票
2020-12-5 17:31,#姗姗话题圈#,山竹们最近有没有遇到什么好运呢？快来说说看吧！
2020-12-5 16:28,#新技能get√#,这100个公务员考试申论必备的高分表述！山竹们赶快码起来吧！（via.@学霸学长bot）
2020-12-5 15:18,#新技能get√#,"这100组易混淆的英语单词姗姗已经帮你码好了，赶快get起来吧！
（via.@学霸课长）"
2020-12-5 14:45,#每日山问#,文学常识小考查：鲁迅先生在1918年发表的中国现代文学史第一篇白话小说是？ R山东大学的微博投票
2020-12-5 13:39,#一个12岁山区女孩眼里的扶贫#,我们搬下了山，爸爸有了新工作】云南怒江12岁的傈僳族姑娘李成花，曾经总盼着过年，因为“这样在外务工的爸爸就能回家了”。易地搬迁扶贫实施后，她所在的村子搬下了山。“我们搬了新家，爸爸回来找了工作，买了大摩托，说以后就在身边陪着我！这就是电视里讲的扶 ...展开全文c
2020-12-5 11:58,#姗姗话题圈#,2020年余额不足，还记得你当初立下的那些flag吗？
2020-12-5 10:10,#山大书屋#,"“草莓没有性别
但大部分男生不穿
有草莓图案的衣服”
蔡仁伟的诗，简短却又直戳人心。
和姗姗一起来悦读吧！
（via.@PoemsForYou)"
2020-12-5 09:04,#山大放映室#,【
2020-12-5 07:42,#早安，山大！#,"一个人倘若能管理好自己的情绪，消化人世悲喜，纵然会经历坎坷，也必能得到一定圆满。
——季羡林
早安，山竹们"
2020-12-4 23:15,#山大心语#,"
星星发亮，是为了让每个人有一天都能找到属于自己的星星。
——《小王子》

晚安，好梦~"
2020-12-4 21:54,@微博校园,"动，千所高校共同助力扶贫助农，一起迎接2021年的第一个祝福！
快来戳链接 ...展开全文c"
2020-12-4 21:43,#姗姗话题圈#,如果给你一张免费的演唱会门票，你希望是谁的？
2020-12-4 20:10,#每日山问#,此时正在刷手机的你，知不知道看手机应该用哪个动词呢？ R山东大学的微博投票
2020-12-4 19:02,#山大书屋#,"“爱的开始是一个眼色，爱的最后是无限的穹苍。 ”

林清玄的文字，纯粹棉质，哲韵悠长。

（图Via@PoemsForYou）"
2020-12-4 16:51,#山大放映室#,"纪录片《金银潭实拍80天》是国内唯一一部在疫情最重时进入武汉金银潭医院红区（隔离区）拍摄的纪录片，由湖北卫视疫情纪录片团队拍摄。
没有故事设计，没有镜头设计，所有成员冒着巨大风险进入红区，在有限的条件下，用摄影机记录下眼前的一切。
谨以此片献给英雄的城市、英雄的人民，他 ...展开全文c"
2020-12-4 13:46,#每日山问#,姗姗来科普一下～下列不属于中国“四大古都”的城市是？ http://t.cn/A6qvYGnJ
2020-12-4 10:34,#姗姗话题圈#,小山竹们试着打一个“想”字，让姗姗看看你在想什么吧？
2020-12-4 09:03,#山大放映室#,"【高分涨知识系列纪录片《宇宙》】
该片可以让你系统地了解宇宙，包括人类探索宇宙的历史故事、对宇宙的不懈探索，和那些已经了解和尚未了解的宇宙奥秘。
绝美宇宙景观和精良的特效制作，再加上满满的干货，宇宙和科普爱好者们不要错过！

视频较长，建议先马~http://t.cn/A6GQdw2U
1-8季 ...展开全文c"
2020-12-4 07:53,#早安，山大！#,"
等风来，不如追风去。
——《一禅小和尚》

早安，读书人~"
2020-12-3 21:54,#山大心语#,"
集人的脆弱与神的旷达于一身，才是真正的伟大。——塞涅卡

晚安！"
2020-12-3 20:28,#山大放映室#,"山竹们期待下雪吗！动物园里已经下雪啦～原来小动物们也喜欢下雪 在雪地里跑、打滚、追大片的雪花、用嘴巴接雪吃，太治愈啦～
cr：Oregon Zoo Snow Days（via@奇怪喵）  http://t.cn/A6GYlOEv"
2020-12-3 18:20,#每日山问#,知识小抽查：“拘泥”一词应该怎么读呢？ http://t.cn/A6GsoGmt
2020-12-3 13:56,#山大书屋#,"「我仿佛脱下了旅衣的老江湖，此刻在这里做了店小二。」

读"
2020-12-3 12:09,#姗姗话题圈#,提名一个家乡美食，然后让大家猜猜你是哪里人吧！
2020-12-3 10:08,#山大资讯#,"【山东大学与青岛西海岸新区签署合作协议】
11月27日上午，山东大学与青岛西海岸新区共建国家胶体材料工程技术研究中心（青岛中心）签约仪式在中心校区举行。活动前，山东大学党委书记郭新立会见了青岛市委常委、青岛西海岸新区工委书记、区委书记孙永红一行。山东大学校长樊丽明出席签约 ...展开全文c"
2020-12-3 08:25,#早安，山大！#,"
没有任何事物是寻常的，多余的。——维斯瓦娃·辛波斯卡

早安，又是美好的一天～"
2020-12-2 22:46,#初雪#,
2020-12-2 22:07,#山大心语#,"
生活就像旅行，理想是其路线，没有了理想，人们将止步不前。如果人生没有目标，动力将被耗尽。
—— 雨果

晚安哦"
2020-12-2 21:35,#姗姗话题圈#,来给自己的12月许个愿吧！
2020-12-2 18:26,#姗姗话题圈#,突击检查！把你复制的东西粘贴出来叭！
2020-12-2 15:41,#山大放映室#,【TED：勇气与恐惧之间的美丽平衡】我并不是一直坐轮椅的。我像你们很多人一样，在奔跑、跳跃和舞蹈中长大。我热爱跳舞。然而在二十多岁时，我开始经历一系列难以解释的跌倒。几年之后，确诊了“遗传性包涵体肌炎”，简称HIBM。这是一种进行性的肌肉萎缩症，影响到我从头到脚的所有肌肉 ...展开全文c
2020-12-2 14:31,#山大放映室#,【今年只剩一个月，
2020-12-2 13:36,#山大书屋#,"推荐书目：《山河之书》
推荐原因：这是一本关于华夏大地上的文化之旅散文集，从西江苗寨到呼伦贝尔大草原，从媲美天堂的苏杭到苦寒之地宁古塔，建筑、音乐、书籍、壁画、民俗风情，无不展示中国文化的空间力量。"
2020-12-2 12:16,#1203三只松鼠京东超级品牌日#,姗姗又来抽零食大礼包啦！小山竹们千万别错过啦~关注@山东大学 并转发本条微博，12.10抽一位幸运山竹送出三只松鼠零食大礼包一份！O抽奖详情
2020-12-2 10:15,#新技能get√#,姗姗整理了英语写作高分替换词～马上就要迎来六级考试了，大家加油哦！（via@学霸课长）
2020-12-2 09:03,#山大资讯#,"【新增数第三，总数第六！山大一流本科课程获突破】
11月30日，教育部发布《教育部关于公布首批国家级一流本科课程认定结果的通知》，共认定5118门课程为首批国家级一流本科课程。其中，教育部2019年新认定一流本科课程3559门，原2017年、2018年国家精品在线开放课程和国家虚拟仿真实验教 ...展开全文c"
2020-12-2 08:04,#早安，山大！#,"
一个人越聪明、越善良，他看到别人身上的美德越多；而人越愚蠢、越恶毒，他看到别人身上的缺点也越多。
—— 托尔斯泰

早安呀！"
2020-12-1 22:07,#山大心语#,"
在我的逆境来临时，是我生命力量最具战备状况的大好时机。
——三毛

晚安                         "
2020-12-1 18:18,#山大放映室#,"【TED：20岁光阴不再来，最实用的人生规划】
抓住这段黄金时期，有些努力看似简单，却将为你的工作、爱情、幸福、甚至这个世界，带来转折性的变化。想清楚自己想成为什么样的人，并为之积累；善用人际关系的弱联系；谨慎选择家庭与朋友。这十年会定义你的人生。  LTEDNews的微博视频
...展开全文c"
2020-12-1 17:29,#每日山问#,【今日科普】 R山东大学的微博投票
2020-12-1 15:31,#12月你好#, 2020最后一个月，山竹们要继续加油哦
2020-12-1 14:53,#每日山问#,【英语“译”站】 R山东大学的微博投票
2020-12-1 13:24,#新技能get√#,【扩散周知！
2020-12-1 10:05,#山大放映室#,"【BBC顶级艺术纪录片《西方艺术史》 (全六集) 】接近5个小时的观影时间，带你了解西方艺术的历史，领略其中的人文魅力！ L每日纪录片推荐的微博视频
（via@每日纪录片推荐）"
2020-12-1 08:43,#山大资讯#,"【山东大学两项成果荣获第四届全球华人国学成果奖】
11月28日，第四届全球华人国学大典颁奖典礼在北京举行。山东大学儒学高等研究院王学典教授主编的《20世纪中国史学编年》和杜泽逊教授主编的《尚书注疏汇校》荣获本届全球华人国学成果奖。这是山大首次两项成果同届获此殊荣。
（来源：山 ...展开全文c"
2020-11-30 21:45,#山大心语#,"
奈何一个人随着年龄增长，梦想便不复轻盈；他开始用双手掂量生活，更看重果实而非花朵。
——叶芝《凯尔特的薄暮》

晚安"
2020-11-30 19:27,#新技能get√#,"你不是没有成长，而是在扎根】
这个世界没有白费的努力。也许有人会辜负你，但汗水不会。你学到的东西，或许不会带来直接的成功，但每学到一项技能，就多一份直面世界的底气。关于成长的9条建议↓默默流汗，慢慢成长，或许就是努力奋斗最正确的姿态。
（via@人民日报）"
2020-11-30 18:09,#山大书屋#,"《小妇人》里，乔最后嫁给了巴尔教授，而作者路易莎·梅终身未婚。
关于小妇人的出版经历，路易莎曾在日记中写道：“一直有女孩们写信询问小妇人最终嫁给了谁，似乎这是一个女孩终其一生的目标和结局。我不会为了取悦任何人而把乔嫁给劳里。”她恐惧妻子和母亲的标签，终身未婚。但在当时， ...展开全文c"
2020-11-30 16:22,#姗姗话题圈#,你最爱的冬季暖饮是什么呢？快来和姗姗安利一波吧！
2020-11-30 14:04,#山大书屋#,"教授荐书，一起悦读】
推荐人：新闻传播学院 王德胜教授
推荐书目：《认识商业》（美）尼科尔斯著 陈智凯、黄启瑞译
推荐理由：
《认识商业》是全美高等院校采用量最大的商业入门教材，全球几百所大专院校将其列为企业管理课程、MBA教程的必选教材。本书包罗商界万象，从商业管理、 ...展开全文c"
2020-11-30 13:31,#每日山问#,《诗经》共收录了多少篇呢？ R山东大学的微博投票
2020-11-30 11:31,#姗姗话题圈#,今年的体测，山竹们都得了多少分呢？
2020-11-30 08:56,#山大放映室#,"在城市中没有被大家注意到的小角落里，正在发生什么呢？动画师们为这些平淡的小世界，点缀上了自己的脑洞，既有趣又可爱。
(via—vimeo: Chris Hutchison) LYouTube精选的微博视频"
2020-11-30 07:19,#早安，山大！#,"
我们仍有英雄之心的勇气，虽然被时间和命运耗损，但意志坚强，要斗争、要探索、要寻找，绝不屈服。
——丁尼生《尤利西斯》

早安"
2020-11-29 22:44,#山大心语#,"露泣连珠下，
萤飘碎火流。
——庾信

夜幕降临，要做个美梦哦~"
2020-11-29 22:04,#每日山问#,被后世称为“梅妻鹤子”的是谁？ R山东大学的微博投票
2020-11-29 21:01,#山大资讯#,"【马文啸获得2020年度宝钢优秀学生特等奖，学校连续三年有本科生获特等奖】
近日，2020年度宝钢教育基金（宝钢教育奖）年度会议举行，山东大学8位师生获得奖励。其中，外国语学院本科生马文啸获得优秀学生特等奖，是获奖本科学生中唯一人文社科类专业学生。这也是山东大学本科生连续三年获 ...展开全文c"
2020-11-29 16:53,#山大放映室#,
2020-11-29 14:02,#姗姗话题圈#,喜欢吃的水果是什么？
2020-11-29 10:23,#山大书屋#,"【汪国真|激情向上、昂扬超脱的人生观】
假如你不够快乐，也不要把眉头深锁
人生本来短暂，为什么还要栽培苦涩
希望小山竹们每天都对未来充满期待！
（via@新浪读书）"
2020-11-29 09:12,#武汉大学127岁生日快乐#,"东湖之滨，灵秀萃诸方。
百亩宫室，置珞珈山上。
山川纡曲，天地圆方，捧出学堂。
双甲更余七岁，造楚才，皆栋梁。
自强弘毅，扶摇直上鲲鹏举；
求是拓新，藏修游息爱景光。...展开全文c"
2020-11-29 07:49,#早安，山大！#,"在这喧闹的凡尘，
我们需要有适合自己的地方，
用来安放灵魂。
——余秋雨

小山竹们，早上好~"
2020-11-28 22:46,#山大心语#,"世界让我遍体鳞伤，但伤口长出的却是翅膀。——阿多尼斯
晚安😴"
2020-11-28 22:05,#新技能Get√#,这份考研英语高分作文模版，姗姗已经帮你整理好了，赶快码起来吧！（via.@大学霸儿）
2020-11-28 21:13,#新技能get√#,"这份考研高频短语，山竹们赶快码起来吧！
（via.@学霸学长bot）"
2020-11-28 17:24,#姗姗话题圈#,山竹们平常有什么口头禅吗，快来分享一下吧
2020-11-28 16:50,#每日山问#,文化常识小测试：被苏轼称为“文起八代之衰”的文学家是： R山东大学的微博投票
2020-11-28 14:56,#山大放映室#,"超好玩法语中国风动画《啊啾》！法国人眼中「中国烟花的由来」，该片入选了2018年奥斯卡最佳动画短片的附加名单，并在法国、美国、希腊和罗马尼亚等多国电影节上展映。
L场库的秒拍视频 （via.@场库视频 ）"
2020-11-28 12:18,#姗姗话题圈#,不许动，快说就现在，离你最近的食物是什么？
2020-11-28 10:14,#山大书屋#,"经常会感慨：人生怎么有那么多难以描述，却又无法忽视，微妙又难解的人性细节呢。很多情绪，时常轻轻地滑过，抓不住，形容不上来。
但是在雷蒙德·卡佛的诗里，这些居然都能找到。
跟姗姗一起来看看吧（via.@候鸟读书）"
2020-11-28 09:11,#山大放映室#,【原来
2020-11-28 07:42,#早安，山大！#,"但凡不能杀死你的，最终都会使你更强大。
——尼采
早安"
2020-11-27 23:15,#山大心语#,"
我年轻过，落魄过，幸福过，我对生活一往情深。
——马尔克斯                                   
           
晚安，好梦~"
2020-11-27 21:57,#姗姗话题圈#,小山竹们，你目前最近的一个ddl是什么？
2020-11-27 20:14,#新技能Get√#,"【英语单词速记法公开课】快来Get吧~
1、 英语单词记忆法汇总O【北大+清华学霸】让你背单词快10倍的记忆法
2、词根词缀记忆法O网页链接
3、重点词根词缀讲解O网页链接
4、如何背四六级单词O网页链接
5、如何背考研单词O网页链接...展开全文c"
2020-11-27 18:46,#山大书屋#,"
“正与生命里一切相同/我们爱得太是匆匆
好像只是昨天/你还在我的窗前”

让我们来感受林徽因诗里的细腻和温柔
（图Via@PoemsForYou）"
2020-11-27 17:37,#姗姗话题圈#,"我托人间寄讯，邀雪称庆，为你捎来清佳冬令。
冬日将至，在你眼中哪个食物最能代表冬天呢~ R山东大学的微博投票"
2020-11-27 16:36,#山大放映室#,"纪录片《钟南山》，独特视角下的国士担当。
该片从新冠疫情重大事件的切入，讲述钟南山在2020新冠疫情和2003年非典疫情当中奋斗在抗疫一线的故事，向我们展示了钟南山八十多年来人生的奋斗历程。
L泉州那些事儿的微博视频
（视频Via@泉州那些事儿）"
2020-11-27 14:00,#每日山问#,姗姗来科普一下~聪明的你知不知道下列不属于“四大名绣”的是？ R山东大学的微博投票
2020-11-27 12:16,#新技能Get√#,"必知Word快捷键之F4的妙用，有效提高效率～
日常工作、论文排版都适用，和姗姗一起Mark起来！
（via@秋叶Word）"
2020-11-27 08:52,#山大放映室#,"【友好的猫咪 The Friendly Cats】
野猫演化成宠物猫，真的是喵星人头脑发热的决定吗？
科学家建立了一个全球猫咪基因库，旨在研究猫咪是如何遍及全球以及怎样成为人类的宠物。科学家们表示普通猫的基因或许可以解答人与猫咪间的这种亲密关系！
L纪录片之家爱自然的微博视频
（视频Via ...展开全文c"
2020-11-27 07:45,#早安，山大！#,"冬有冬的来意，
寒冷像花，花有花香，
冬有回忆一把。
—— 林徽因

天气转凉，要多添衣哦~"
2020-11-26 22:37,#山大心语#,"
粪虫至秽，变为蝉而饮露于秋风；腐草无光，化为萤而跃彩于夏月。
——洪应明《菜根谭》

晚安，好梦～"
2020-11-26 21:08,#每日山问#,"在我国绚丽多彩的艺术百花园中，戏曲是一门影响最广、最具民族特色的艺术形式。
山竹们知道以下哪部不属于中国古代四大名剧吗？ R山东大学的微博投票"
2020-11-26 18:44,#姗姗话题圈#,一人提名一个食堂冬季top1美食吧！
2020-11-26 16:30,#造浪吧少年#,识不设限，一起来充电！转发本条微博，即可点亮“后浪”专属icon，一起为知识乘风破浪吧～
2020-11-26 16:01,#新技能Get√#,"如何给你的presentation锦上添花？姗姗为你准备了ppt制作教程，再也不用担心做ppt无从下手啦！

PPT 2010视频教程O【PPT2010】基础教程
PPT 2013实用小技巧O【office】PPT 2013 powerpoint2013实用小技...
PPT 2016基础入门O网页链接
PPT制作视频高清教程O【PPT制作教程 完整版】许岑幻灯片PPT制作视... ...展开全文c"
2020-11-26 14:04,#山大资讯#,"【最年轻特等奖！山东大学路国权摘得山东第三十四届社会科学优秀成果奖唯一特等奖】
山东省第三十四届社科优秀成果奖评选经各授权单位组织推荐、意识形态审读、客观赋分、接龙打分和会议评选，最终评选出获奖成果250项，其中特等奖并一等奖1项、一等奖29项、二等奖100项、三等奖120项。其 ...展开全文c"
2020-11-26 12:46,#山大放映室#,"山竹们，你们有没有过这样的经历呢：明明吃得很饱了，却还能吃得下饭后甜品，明明吃饱了咸的，却还想吃点甜的，吃了甜的又想吃点辣的！
今天和姗姗一起了解一下“特定感官的饱足感”，揭密干饭人的神秘本质吧～
cr：VOX（via@奇怪喵）
L奇怪喵的微博视频"
2020-11-26 11:21,#山大资讯#,"【“百廿山大 强校兴国” 全国主流媒体走进山东大学活动举行】
11月24日，由山东大学与山东省互联网传媒集团联合举办的“百廿山大，强校兴国——全国主流媒体走进山东大学”大型采访活动在山东大学正式启动。本次活动以“百廿山大 强校兴国”为主题，邀请40余家中央和全国各省市区地方重点 ...展开全文c"
2020-11-26 10:31,#当代大学生文艺日常#,
2020-11-26 07:59,#早安，山大！#,"
三十功名尘与土，八千里路云和月。
——岳飞《满江红》

早安，今天也是元气满满的一天！"
2020-11-25 21:54,#山大心语#,"
不擅交际固然是一种遗憾，不耐孤独也未尝不是一种很严重的缺陷。
—— 周国平

晚安哦"
2020-11-25 18:28,#姗姗话题圈#,知识丰富的专业课和趣味横生的选修课都各有各的特色，大家最爱的一门课程是什么呢？
2020-11-25 16:05,#山大放映室#,【如何摆脱沮丧的心情？】在我们心情沮丧的时候，我们无法想象如何找到另一份工作，无法想象不去理会那些关于我们的流言蜚语，无法想象再找到另一个喜欢的人，无法想象让自己再去信任另一个人，比起当下的痛苦，我们想象不到明天会更好。而我们每个人都需要滋养和释放我们的想象力，去获 ...展开全文c
2020-11-25 15:20,#山大放映室#,【TED演讲：生命是一份大礼，最后你要把它还回去！】“你得到了这份大礼——生命，你尽最大努力地丰富它，然后你要将它归还！”LTEDNews的微博视频 （via@艾力酷艾英语）
2020-11-25 14:07,#山大书屋#,"推荐书目：《人生终要有一场触及灵魂的旅行》
推荐原因：已经走过七十多个国家的毕淑敏说：“一个人走了多远的路，去过多少个地方，见过多少人……这些其实一点都不重要。重要的是你曾看到过什么，想到过什么，归来后你若隐若现地感到改变了什么。有很多人终生困顿在他们自己的茧里。这是 ...展开全文c"
2020-11-25 13:13,#新技能get√#,图为往年翻译真题（含英文试题和中文翻译参考，按颜色对应），翻译的时候，专有名词其实不重要，关键的是把具体内容翻译到位。小山竹们可以简单过一下～ 加油！ （via@艾力酷艾英语）
2020-11-25 11:04,#新技能get√#,姗姗找来一份Word、PPT、PDF、TXT格式转换大全！（via@学霸课长）
2020-11-25 09:11,#山大资讯#,"【科睿唯安公布2020年度“全球高被引科学家”，山大8位学者入选！】
日前，科睿唯安公布了2020年度“全球高被引科学家”名单，山东大学8位教授入选，分别是化学领域的黄柏标教授，跨学科领域的刘宏教授、熊胜林教授、戴瑛教授、冯奎双教授、冯强教授、张进涛教授、张宁教授。其中，黄柏标 ...展开全文c"
2020-11-25 08:02,#早安，山大！#,"
不应当急于求成，应当去熟悉自己的研究对象，锲而不舍，时间会成全一切。凡事开始最难，然而更难的是何以善终。

—— 莎士比亚

早安"
2020-11-24 22:01,#山大心语#,"
别在树下徘徊，别在雨中沉思，别在黑暗中落泪。向前看，不要回头。
——埃迪蒙托·德·亚米契斯

晚安"
2020-11-24 20:05,#新技能get√#,"最好的修养，是懂得将心比心的善良】
人与人走近，需要设身处地；心与心贴近，需要换位思考；最好的修养，是做事懂分寸，心中怀善良。始终把别人装在心里，己所不欲勿施于人。9个提高修养的建议↓↓和姗姗一起记住吧！
（via@人民日报）"
2020-11-24 19:18,#山大书屋#,"“在身体之夜/边缘/十个月亮正升起”
“星星聚集，梦涌入你的枕头/散发出空气温暖的芬芳”
今天姗姗和你一起探寻马克·斯特兰德诗里的夜，静谧而神秘。
（via@PoemsForYou）"
2020-11-24 15:49,#新技能get√#,"初冬疫情防范，从我做起！】
初冬时节，国内多地出现散发病例。迅速开展核酸检测、高度重视流调溯源、及时进行公开报告，各地正利用抗疫经验，坚守秋冬疫情防线。一线在努力，我们每个人也应尽责：科学佩戴口罩、保持社交安全距离、不扎堆、讲卫生，决不能让来之不易的疫情防控持续 ...展开全文c"
2020-11-24 14:12,#每日山问#,最早的血压计是用于测量哪种动物的呢？ R山东大学的微博投票
2020-11-24 13:10,#山大书屋#,"【教授荐书，一起悦读】
推荐人：管理学院 陈丹教授
推荐书目：《苏菲的世界》乔斯坦•贾德著，萧宝森译
推荐理由：本书以小说的形式，通过一名哲学导师向一个叫苏菲的女孩传授哲学知识的经过，由浅入深地揭示了西方哲学史的发展历程。由前苏格拉底时代到萨特，亚里士多德、笛卡儿、黑格尔 ...展开全文c"
2020-11-24 12:06,#姗姗话题圈#,这个冬天你是胖了呢还是瘦了呢？把增加/减轻的体重写在评论区吧！
2020-11-24 11:00,#每日山问#,《史记》中的“世家”是给什么人作的传呢？ R山东大学的微博投票
2020-11-24 09:39,#山大放映室#,"采访5-75岁的男性：你几点起床？】
Glamour的这支调查有点意思，除了少数在凌晨起床之外，大多都稳定在6-8点的“健康时间”起床，不仅没有随着年龄产生变化，而且几乎没人提到工作日和休息日时的区别。
如果是在休息的日子，你还会按照工作日的节奏起床吗？ （via：LYouTube精选的微博视频 ...展开全文c"
2020-11-24 07:37,#早安，山大！#,"
当你自己选择了与众不同的生活方式之后，又何必去在乎别人以与众不同的眼光来看你。
——多丽丝·莱辛

早安"
2020-11-23 22:04,#山大心语#,"
走好选择的路，别选择好走的路，你才能拥有真正的自己。
——杨绛

晚安"
2020-11-23 20:10,#每日山问#,【今日科普】 R山东大学的微博投票
2020-11-23 18:35,#姗姗话题圈#,2020年还有一个月就要结束了，你最想对谁说一声“谢谢”呢？
2020-11-23 15:47,#每日山问#,【英语“译”站】今日的翻译来啦！ R山东大学的微博投票
2020-11-23 13:50,#新技能get√#,体测开始了，山竹们运动前一定要做好拉伸呀！（via@运动健身教程）
2020-11-23 11:40,#国考准考证#,
2020-11-23 10:19,#山大放映室#,【TED：想象力图书馆】这座瑰丽奇幻的图书馆设计灵感来自埃舍尔的画。这里展示着5000年来人类的想象力。Jay Walker如数家珍地向你展示他这座奇特的图书馆中的宝贝，每一样都记录着人类思维的一次飞跃。  LTEDNews的微博视频 （via@TEDNews ）
2020-11-23 08:48,#山大资讯#,近日，公共卫生学院卫生管理与政策研究中心姚能亮教授团队在老年学和现代居家医疗研究方面再次取得新进展，一方面针对医院和长期护理机构的老年照护劳动力短缺问题进行了深入研究，为医养健康服务市场的发展提供了重要建议；另一方面厘清了居家医疗的定义和内涵，为我国的居家医疗建设设立 ...展开全文c
2020-11-23 07:47,#早安，山大！#,"
日子虽然普普通通，但我要生活在美之中。
——毛姆

早安"
2020-11-22 23:04,#山大心语#,"松枝上，
露滴晶光闪亮，
好像绿漆的宝塔，
挂满银铃铛。
——顾城
...展开全文c"
2020-11-22 18:57,#每日山问#,语“一衣带水”中的“水”原指什么？ R山东大学的微博投票
2020-11-22 15:20,#新技能get√#,00个成语俗语的英文翻译来啦！姗姗先帮大家收藏啦！（via@人民日报）
2020-11-22 12:15,#山大书屋#,【18本经典人物传记】忙碌之余也不要忘记给自己充充电呀！（via@百科精灵）
2020-11-22 10:59,#姗姗话题圈#,家的宿舍群聊名称是什么呢？
2020-11-22 07:32,#早安，山大！#,"在出生时我们所没有的东西，
在成长时我们所需要的东西，
全部都要通过教育赐予我们。
---卢梭

小山竹们早上好~"
2020-11-21 23:18,#山大心语#,"我走过的漫长的道路并不总是铺着玫瑰花的，有时也荆棘丛生。——季羡林
晚安💤"
2020-11-21 21:27,#新技能get√#,"这份计算机二级考试Word考点总结干货姗姗已经帮你码住了。
快get起来吧！
（via.@高考直通车）"
2020-11-21 20:22,#山大书屋#,【有趣的回环诗】《回文诗》，也写作“爱情诗”“回环诗”。它是汉语特有的一种使用词序回环往复的修辞方法，文体上称之为“回文体”，和姗姗一起看看吧。（via.@最美古风古诗词）
2020-11-21 18:12,#每日山问#,文化常识小测试：下面哪一位不是元曲四大家？ R山东大学的微博投票
2020-11-21 17:49,#姗姗话题圈#,微信新表情你用上了吗？你最喜欢用哪个表情呢
2020-11-21 15:57,#新技能Get√#,
2020-11-21 15:07,#山大放映室#,【这手艺！
2020-11-21 13:32,#新技能get√#,"32个最基础的PS快捷键使用指南赶快码起来吧！
（via.@学霸课长）"
2020-11-21 12:09,#姗姗话题圈#,说说你现在的手机电量是多少，有一样的可以打个招呼啊～姗姗是60％
2020-11-21 10:16,#山大书屋#,"《雨》，马来西亚作家黄锦树写的中文小说
书里满满都是热带雨林的潮湿感，暴雨冲刷过几段历史，还有无数人的梦境。和姗姗一块来阅读吧。（via.@PoemsForYou）"
2020-11-21 09:08,#山大放映室#,【时间就是生命！
2020-11-21 07:55,#早安，山大！#,"“每个人心里都有一团火，路过的人只看到烟。”———梵高
早安呀"
2020-11-20 23:17,#山大心语#,"
对于你，
我犹如黑夜，小花朵儿。
我能给你的，
只是掩藏在夜色里的安宁和不眠的静谧。
——泰戈尔《游思集》...展开全文c"
2020-11-20 22:09,#山大放映室#,"【治愈助眠环境音《下雪天的日本居酒屋》】
姗姗太喜欢这个氛围了！一只小鹿驻足于童话般的雪景之中，耳边萦绕的飘雪声、风声，还有时不时的倒酒声，仿佛身临其境，说不出的舒适惬意
O网页链接
（视频Via@总裁视野）"
2020-11-20 21:07,#姗姗话题圈#,小山竹们，你在图书馆最近借阅的一本书是什么？好看的话也可以互相分享安利一下哦~
2020-11-20 20:08,#每日山问#,今日的问题是英语小知识，小山竹们知不知道“duck soup”是什么意思呢？ R山东大学的微博投票
2020-11-20 19:03,#山大资讯#,"在11月17日-19日举行的第六届中国国际“互联网+”大学生创新创业大赛全国总决赛中，山东大学参赛队伍再创佳绩！
经过激烈的网络评审、复赛会评、金奖争夺赛、三强争霸等环节，山东大学的参赛队伍获金奖1项，获银奖3项、铜奖3项。山东大学凭借优异成绩获得高校先进集体奖。在本次大赛中我校 ...展开全文c"
2020-11-20 16:20,#山大书屋#,"当我们步履有限而世界无限时，纪录片像是一个“云窗口”带着我们感知这个多彩世界的不同块面。
整理了近期看过的或正在看的纪录片，想与山竹们一起看看不同的世界。
（图Via@PoemsForYou）"
2020-11-20 13:42,#每日山问#,姗姗来科普一下~聪明的你知不知道下列不属于古代四大才女的是？ R山东大学的微博投票
2020-11-20 12:20,#新技能Get√#,"【这些实用小技巧，你都知道吗？】
①Word显示修改痕迹：审阅—修订—显示标记—批注框—在批注框中显示修订；
②PPT转成Word：F12—保存类型—大纲/RTF文件—保存；
③Excel 数据复制到Word：F12—保存类型—网页文件—保存—打开Excel—文件 / 打开 / 这台电脑—选择网页文件… ...展开全文c"
2020-11-20 11:04,#姗姗话题圈#,小山竹们打出“我看见”，然后一直点击第一个字直到结束，让姗姗康康你们都看见了什么小秘密呢~
2020-11-20 09:16,#山大放映室#,"纪录片《早餐中国》暖胃更新！
第三季的播出，也是这部神仙纪录片百集完结倒计时。温暖的早餐不但治愈在场食客的胃，也治愈着观众的心。目前已公开的早餐有：山西长治猪汤、浙江舟山海鲜面、甘肃张掖小饭、河北河间驴肉火烧、广州猪手牛腩炸酱伊面、武汉三线豆皮...你的家乡早餐出现在《 ...展开全文c"
2020-11-20 08:08,#早安，山大！#,"
我总是在过往的岁月里眺望远方的事物，
眺望那远方里的华光，广阔，芬芳。
——杜涯

早呀"
2020-11-19 22:51,#山大心语#,"
简单就是终极的复杂。——列奥纳多·达·芬奇

晚安，好梦～"
2020-11-19 20:31,#新技能get√#,"给山竹们推荐一个三秒缓解肩颈酸痛的运动，久坐的上学人必备！随时随地，感觉不舒服肩颈僵硬酸痛立马就能做两组～简单有效，快马起来吧！（via自律打卡孙叨叨）
L自律打卡孙叨叨的微博视频"
2020-11-19 19:38,#姗姗话题圈#,今天来评选2020年度最喜欢的BGM吧🏆
